sku,name,brand,price,currency,availability,condition,category,image,url,description
"253318","Babylo 3-in-1 Baby Carrier Black","Carriers","16.99","GBP","InStock","NewCondition","Baby > Baby Carriers & Slings","https://image.smythstoys.com/original/800/desktop/253318.jpg","https://www.smythstoys.com/uk/en-gb/baby/baby-carriers-and-slings/babylo-3-in-1-baby-carrier-black/p/253318","The Babylo 3-in-1 Baby Carrier provides complete support for your little one, letting you carry your baby without limiting your movements. Choose from 3 hands-free baby carrying positions, adapting to suit your growing child. Inward Facing For the first 4 months, this baby sling is a great way to keep your baby close to you; just use the inward-facing position. This carrier position is best for the earliest stages of their hip development. Facing the wearer is also great for communication, making it easier for you to comfort and soothe the baby. Outward Facing After 4 months, you can switch to carrying the baby in the outward facing position with your Babylo 3-in-1 Baby Carrier. Facing outwards allows babies to engage with the world from the baby carrier, encouraging their natural curiosity. Only suitable when the baby can hold up their own head. Backpack From 6 months to 15kg, the Babylo 3-in-1 Baby Carrier can be worn on your back, carrying baby backpack style. Adjustable Comfort This Babylo Baby Carrier offers the wearer additional comfort, in the form of padded straps. These straps help to evenly distribute your baby's weight, ensuring the utmost comfort for both you and your baby."
"229528","Meta Quest £15 Gift Card","Meta Quest","15.0","GBP","OutOfStock","NewCondition","Gaming & Tech > Virtual Reality > Meta Quest > Meta Quest Accessories","https://image.smythstoys.com/original/800/desktop/229528.jpg","https://www.smythstoys.com/uk/en-gb/gaming-and-tech/virtual-reality/meta-quest/meta-quest-accessories/meta-quest-15-gift-card/p/229528","Endless possibilities are ready in VR. Explore a huge mix of hit games, one-of-a-kind experiences, new ways to create and connect, and live events. Treat VR fans to a selection of over 500 apps and games in the Meta Quest store with Meta Quest Gift Cards. Whether they choose to explore fantasy realms, get in shape or go deep into space, there are VR experiences to suit everyone. It's easy to give virtual gift cards: All you need is the email address of the recipient or a way to print off and give them the code you receive. Choose an amount you'd like to send – the prepaid balance is instantly ready to use and never expires. Can be redeemed on over 500 apps, games and experiences in the Meta Quest store. The perfect last-minute gift so they can choose their own adventure. Meta Quest is for ages 10+. Meta Quest Gift Cards are solely for the purchase of content, apps and services from the Meta Quest Store. Cards do not expire and carry no service or dormancy fees. Cards are not redeemable for cash and cannot be transferred, resold, returned, refunded or exchanged, except as required by law. Recipients must be age 10 or older. Issued by Meta Platforms Technologies, LLC or its affiliates (""Meta""). Meta is not responsible for lost or stolen gift cards or unauthorised use. Terms and Conditions apply (see store.meta.com/qgc/). For assistance, visit meta.com/help/quest/"
"255575","Funko POP! Movies 2051: Wicked X Care Bears Love-A-Lot Bear as Glinda Upland","Wicked","12.99","GBP","OutOfStock","NewCondition","Toys > Fashion & Dolls > Wicked","https://image.smythstoys.com/original/800/desktop/255575.jpg","https://www.smythstoys.com/uk/en-gb/toys/fashion-and-dolls/wicked/funko-pop-movies-2051-wicked-x-care-bears-love-a-lot-bear-as-glinda-upland/p/255575","Stun all of Oz with this Funko POP! Movies 2051: Wicked X Care Bears Love-A-Lot Bear as Glinda Upland figure! Expand your circle of friends by reuniting her with the rest of the Care Bears in your POP! Movies collection."
"239934","Real Madrid Size 5 Reflex Football","Basketballs","9.99","GBP","InStock","NewCondition","Outdoor > Sports and Equipment > Football","https://image.smythstoys.com/original/800/desktop/239934.jpg","https://www.smythstoys.com/uk/en-gb/outdoor/sports-and-equipment/football/real-madrid-size-5-reflex-football/p/239934","What better way to emulate your favourite Real Madrid player than with this Size 5 Reflex Football? This soccer ball has a traditional 32-panel construction with a durable outer layer and a design that incorporates the Spanish football club's icon. Real Madrid Football These size 5 footballs make a great gift for footy fans. They're also fun for kids who love the beautiful game, or want to practice their kickabout skills!"
"262263","The Blood of Dawnwalker Collector's Edition PS5","PlayStation 5","174.99","GBP","OutOfStock","NewCondition","Gaming & Tech > Pre-Order Games > PlayStation 5 Pre-Order Games","https://image.smythstoys.com/original/800/desktop/262263.jpg","https://www.smythstoys.com/uk/en-gb/gaming-and-tech/pre-order-games/playstation-5-pre-order-games/the-blood-of-dawnwalker-collectors-edition-ps5/p/262263","14th-century Europe. Bloody conflicts sweep the lands, and the Black Death comes for the survivors. It's a moment of weakness - and that's all they needed. Vampires seize their opportunity to walk out of the shadows and claim what they've been denied for centuries: freedom, and the power that comes with it. Other creatures of the night follow their lead. Legends turn into reality, and history as we know it will never be the same. You play as Coen, a young man turned into a Dawnwalker, forever treading the line between the world of day and the realm of night. Fight for your humanity or embrace the cursed powers to save your family. Whatever your choice, the question stands: is your soul worth the lives of those you love? Open World Brimming With Adventure - Venture through the hand-crafted open world and discover all it has to offer. Roam through the lush forests, the vast plains, the treacherous swamps, the steep mountaintops, and the medieval settlements. Explore forgotten ruins, find remnants of an ancient civilization, and uncover truths that should probably remain hidden. Become The Dawnwalker - Experience the beginning of a brand-new saga built with love for the role-playing genre. Immerse yourself in a visually stunning world powered by the next-gen Unreal Engine 5.v"
"251160","Disney Junior Minnie Mouse Bowdazzling Yacht Playset","Minnie Mouse","34.99","GBP","InStock","NewCondition","Toys > Pre-School & Electronic Learning > Minnie Mouse","https://image.smythstoys.com/original/800/desktop/251160.jpg","https://www.smythstoys.com/uk/en-gb/toys/pre-school-and-electronic-learning/minnie-mouse/disney-junior-minnie-mouse-bowdazzling-yacht-playset/p/251160","Set sail on the Disney Junior Minnie Mouse Bowdazzling Yacht Playset! Join Minnie Mouse, Daisy Duck and their pet pup Snowpuff for fun in the sun. Open up the Bowdazzling Yacht to reveal 63.5cm of play space, with 10 play accessories to make every voyage feel like an adventure! Bon Voyage! A Best Friends' Trip full of Imagination! Open the 33cm tall boat to reveal a 63.5cm wide play space. The Minnie Mouse and Daisy Duck figures can sit or stand for interactive poseable play, so Minnie and Daisy can ride the wave rider, explore on the speedboat, or swing in the hammock with a cool drink! Have fun in the sun with a slide and pool, a dance floor, and an adorable tiki-style juice bar! Fill up the pool with cold water, then take Minnie and Daisy for a dip to see their outfits change colour! Press the button for even more interactive Disney Junior fun, and activate sounds, phrases, and rainbow lights in the pool and disco ball! When play ends, stow your gear inside the yacht for your next trip!"
"259726","Fidgix Spinning Sphere Fidget Toy","Fidget Toys","3.99","GBP","OutOfStock","NewCondition","Toys > Sensory Toys > Fidget Toys","https://image.smythstoys.com/original/800/desktop/259726.jpg","https://www.smythstoys.com/uk/en-gb/toys/sensory-toys/fidget-toys/fidgix-spinning-sphere-fidget-toy/p/259726","The Fidgix Spinning Sphere Fidget Toy is crafted for smooth, silent spins and a sleek metallic look. Experience endless focus and fidget satisfaction with this premium metal spinning sphere."
"252790","Funko POP! 834: Star Wars Mace Windu","Star Wars","12.0","EUR","InStock","NewCondition","Brand > Star Wars","https://image.smythstoys.com/original/800/desktop/252790.jpg","https://www.smythstoys.com/ie/en-ie/brand/star-wars/funko-pop-834-star-wars-mace-windu/p/252790","Celebrate the most stellar fandom of all with this Funko POP! 834: Star Wars Mace Windu figure! This Jedi master is here to help lead the Jedi knights to victory, so make the retro-style POP! Mace Windu the next addition to your Star Wars collection."
"262170","Ravensburger Last One Laughing Game","Ravensburger","26.99","EUR","InStock","NewCondition","Toys > Games, Puzzles & Books > Board Games > Adult & Party Board Games","https://image.smythstoys.com/original/800/desktop/262170.jpg","https://www.smythstoys.com/ie/en-ie/toys/games-puzzles-and-books/board-games/adult-and-party-board-games/ravensburger-last-one-laughing-game/p/262170","The winning strategy for the Ravensburger Last One Laughing Game is very simple: be the last one to laugh! Players can dress up or disguise themselves, do unexpected things, tell jokes, perform skits - the main thing is to make the other players laugh. Whoever laughs loses a life, whoever laughs twice is eliminated. The winner is the player who has the last life at the end or who has made the most players laugh at the end. This playful experiment requires a serious expression for a fun game! As soon as the sound signal sounds, no more laughing is allowed. If a player is caught laughing, the buzzer is pressed. The accused player loses a life. Whoever made them laugh gets a laugh point as a reward. After the evaluation, the game continues with the buzzer signal. There are no limits to your imagination here. You can bring costumes and gimmicks or perform slapstick, skits, and jokes. The game also offers over 350 ideas and jokes that could elicit a smile from the player. Is the game planned for a game night? In this case, it is advisable to inform the player in advance. This way, they can prepare at home and bring funny things with them."
"251066","Tonies Toniebox 2 Starter Set Sky Blue","Tonies","119.99","EUR","InStock","NewCondition","Toys > Pre-School & Electronic Learning > Tonies > Toniebox","https://image.smythstoys.com/original/800/desktop/251066.jpg","https://www.smythstoys.com/ie/en-ie/toys/pre-school-and-electronic-learning/tonies/toniebox/tonies-toniebox-2-starter-set-sky-blue/p/251066","Meet Toniebox 2! The audio player designed for children's hands, powered by their choices and built to help them grow with screen-free stories, songs, games and more! Listen, play and grow in a whole new way. This musical storybox brings kids' favourite characters to life with songs and stories. Just pick a Tonie audio character, pop it on top and let the fun begin! How it Works Toniebox 2 is a screen-free audio player for kids! Each Tonie character figure features content, stories, songs and more. Pop a Tonie character on the box, and the content will download onto the Toniebox before it starts to play. Once it downloads, kids can play their story anytime, anywhere! Made for Everyday Adventures Designed for little listeners (and little hands), kids can adjust volume, fast forward, rewind and change stories on their own. Tilt, touch and squeeze the Toniebox to navigate stories, songs and audiobooks, featuring a new dynamic Light Ring that glows in rainbow colours to give helpful immersive game cues. This little speaker box is robust, squishy and ready to play: soft enough for snuggling, strong enough to grow with kids and totally tumble-proof. Explore Interactive Games with Tonieplay Use a Tonieplay Controller to unlock interactive audio games with Tonieplay, exclusively on Toniebox 2. Create a screen-free gaming experience with Tonieplay Discs to tap and play in an all new way, where kids can take the lead to discover fun interactive games, quizzes and challenges! Tonieplay Controller (251078) and Tonieplay Game Discs (251105, 251092 & 251087) sold separately. Creative Tonie Audio Figure This Toniebox 2 Starter Set includes a Creative Tonie audio figure, with space for to 90 minutes of custom audio content. Personalise your Creative Tonie with your own songs and stories, or discover free content using the official mytonies app to add downloadable tales, tunes and fun! Hours of Screen-Free Fun Listen, learn and play the screen-free way. Reduce screen time with Toniebox 2, designed for little hands and big imaginations. With hundreds of Tonies Audio Characters to choose from, featuring audiobooks and content to help build children's vocabulary, the fun can last from wake-up to wind-down. With soothing new bedtime features, the Toniebox 2 helps kids build healthy sleeping habits with a night light, white noise and more, helping to develop consistent bedtime routines."
"239352","Metaphor: ReFantazio Xbox Series X","Xbox Series X | S","19.99","EUR","OutOfStock","NewCondition","Gaming & Tech > Games > Metaphor: ReFantazio","https://image.smythstoys.com/original/800/desktop/239352.jpg","https://www.smythstoys.com/ie/en-ie/gaming-and-tech/games/metaphor-refantazio/metaphor-refantazio-xbox-series-x/p/239352","The throne sits empty after the king's assassination. With no heirs, the will of the late king decrees that the next monarch will be elected by the people, & thus begins your fight for the throne. From the creative minds behind Persona 3, 4, and 5 comes Metaphor: ReFantazio, a unique fantasy world, where your protagonist will journey alongside his fairy companion, Gallica, to lift the curse from the kingdom's lost prince. Control your destiny, face your fears and awaken magical Archetype powers that lie dormant in your heart. By awakening to an Archetype, you will unlock the power to channel and combine the abilities of unique job classes. Strengthen your bonds and build your party to take down powerful foes and discover the kingdom's true nature."
"605511","Xbox Game Pass Essential - 6 Month Membership","Xbox Series X | S","39.99","EUR","InStock","NewCondition","Gaming & Tech > Digital Downloads > Xbox Digital Downloads > Xbox Memberships","https://image.smythstoys.com/original/800/desktop/605511.jpg","https://www.smythstoys.com/ie/en-ie/gaming-and-tech/digital-downloads/xbox-digital-downloads/xbox-memberships/xbox-game-pass-essential-6-month-membership/p/605511","PLAY TOGETHER WITH ESSENTIAL Play a library of 50+ games like Fallout 76, Stardew Valley, Grounded, and more on any screen. Dive into legendary franchises. Download and play games on Xbox console, PC, and supported handhelds. Skip the download and stream games (including select games you own) on any eligible device, including mobile, tablet, TV, and VR headset.* Join your friends to play, chat, and explore together with online console multiplayer. Get in-game benefits in the biggest games like League of Legends, Call of Duty: Warzone, and Rainbow Six Siege. Enjoy discounts on games, partner benefits, and more. Play and earn up to 25,000 points a year in the Store with Rewards.* Find your community with Xbox and play anywhere you want.* *Benefits: Excludes Call of Duty® titles. Benefits vary by Xbox Game Pass plan. Game library varies over time, by region, device, and Xbox Game Pass plan. xbox.com/gamepass. For details on partner subscriptions included with Xbox Game Pass Ultimate: https://www.ea.com/ea-play/, https://store.ubisoft.com/ubisoftplus/classics. In-game benefits vary by game, region, and over time. Game must be installed to access in- game benefits. *Fortnite Crew benefit on Xbox Game Pass Ultimate. Availability subject to change. Terms apply. *Xbox Cloud Gaming: Xbox Cloud Gaming requires an Xbox Game Pass subscription and supported device (both sold separately). Cloud playable games not included with Xbox Game Pass are sold separately, and may be made available with Xbox Game Pass in the future. Game library varies. Stream directly on Xbox consoles, or with the Xbox app or at xbox.com/play on supported devices. Select regions (xbox.com/regions) and devices at xbox.com/cloud-devices. See cloud gaming library (xbox.com/play). *Rewards: Terms apply. Microsoft Account required. Select markets only. Rewards vary by Xbox Game Pass Plan and Rewards Level. Point values vary by local market currency, Rewards level, and the number of points redeemed. Point multipliers compared to Xbox Game Pass Essential earning potential. Gameplay rewards for 18+. Exclusive quests with Premium and Ultimate plans only, for titles in the Xbox Game Pass library. Excludes PC Games that require 3rd party launchers or are played on Battle.net. Playtime required for all quests. Qualifying purchases at Microsoft Store (online, or on Windows or console) at Rewards with Xbox. *Value with Xbox Game Pass Ultimate includes 20% off the purchase price of select titles in the Xbox Game Pass library, plus 10% of purchase price back in Rewards points, plus up to 4% of the purchase price depending on Rewards Level."
"605533","Grand Theft Auto V - Xbox Series X|S (Digital Download)","Xbox Series X | S","39.99","EUR","InStock","NewCondition","Gaming & Tech > Digital Downloads > Xbox Digital Downloads > Xbox Digital Games & Add-Ons","https://image.smythstoys.com/original/800/desktop/605533.jpg","https://www.smythstoys.com/ie/en-ie/gaming-and-tech/digital-downloads/xbox-digital-downloads/xbox-digital-games-and-add-ons/grand-theft-auto-v-xbox-series-xs-digital-download/p/605533","Continue your journey on Xbox Series X S and transfer both GTAV Story Mode progress and GTA Online characters and progression to Xbox Series X S with a one-time migration. Experience entertainment blockbusters, Grand Theft Auto V and GTA Online — now for Xbox Series X S. When a young street hustler, a retired bank robber, and a terrifying psychopath find themselves entangled with some of the most frightening and deranged elements of the criminal underworld, the U.S. government, and the entertainment industry, they must pull off a series of dangerous heists to survive in a ruthless city in which they can trust nobody — least of all each other. Experience GTA Online, a dynamic and ever-evolving online universe for up to 30 players, where you can rise from street-level hustler to become a kingpin of your own criminal empire. Xbox Series X S players can enjoy new high-performance vehicle upgrades and improvements like the Career Builder as well as all GTA Online gameplay upgrades, expansions, and content released since launch, ready to enjoy solo or with friends. Pull off daring co- operative Heists, enter adrenaline-fueled Stunt Races, compete in unique Adversary Modes, or hang out in social spaces including nightclubs, arcades, penthouse parties, car meetups, and much more. Explore Los Santos and Blaine County in greater detail than ever before, now featuring: •STUNNING VISUALS — Enhanced levels of fidelity and performance with new graphics modes featuring up to 4K resolution, up to 60 frames per second, HDR options, ray tracing, improved texture quality, and more. •FASTER LOADING — Quicker access to the action as the world of Los Santos and Blaine County load in faster than ever before. •SPATIAL SOUND — Hear the sounds of the world with pinpoint precision: the throttle of a stolen supercar, the rattle of neighboring gunfire, the roar of a helicopter overhead, and more. Plus, all-new enhancements to the ever-evolving world of GTA Online, including: •EXCLUSIVE NEW CONTENT — Step into Hao’s Special Works at the Los Santos Car Meet, featuring elite new upgrades and exclusive modifications. Then take these high-performance vehicles into HSW races, new time trials, and more. •THE CAREER BUILDER — Get started in GTA Online with the tools of the trade. Quickly choose from one of four businesses — Biker, Executive, Nightclub Owner, or Gunrunner — and select from properties, powerhouse vehicles, and weaponry to kick-start your enterprise. •NEW MENU DESIGN — Immediately access everything GTA Online has to offer right from the Main Menu, including the latest and most popular updates. •ACCESS TO ALL CURRENT AND PREVIOUS UPDATES — Dive into more than 40 massive updates with more to come, featuring everything from the high- stakes hunt for Dr. Dre’s missing music files with Franklin Clinton in The Contract to the high-octane underground street racing action of Los Santos Tuners; Heists on the lush tropical island of Cayo Perico to the nightlife circuit of After Hours and The Diamond Casino & Resort; all available alongside a wide range of races, modes, activities, and social spaces to enjoy solo or with friends — including golf courses, nightclubs, arcades, poolside lounges, and much more"
"212177","Heelys Snazzy X2 Shoes Silver Rainbow Heart UK Size 11","Heelys","49.99","EUR","InStock","NewCondition","Outdoor > Heelys > Size 11","https://image.smythstoys.com/original/800/desktop/212177.jpg","https://www.smythstoys.com/ie/en-ie/outdoor/heelys/size-11/heelys-snazzy-x2-shoes-silver-rainbow-heart-uk-size-11/p/212177","The Heelys X2 Snazzy Rainbow Heart takes Heelys classic court-style cruisers and adds stylish design pops and a power strap for extra comfort and improved fit. Featuring a durable rubber sole with an abrasion-resistant brake pad, these Heelys shoes make gliding super fun and super safe! Plus, they're easy to use – just shift your weight to your heel to roll. Heelys: Made for Fun! Heelys are great for developing balance and coordination through play. These skate shoes feature two wheels in each shoe for stability and balance. Once you've mastered how to glide on two wheels, you can remove the front wheel from each shoe and challenge yourself to skate on one wheel."
"251198","Osann One360 SL Mini Mitwachsender Reboarder schwarz","Osann","139.99","EUR","InStock","NewCondition","Baby > Kindersitze & Basisstationen > Kindersitze 40-105 cm","https://image.smythstoys.com/original/800/desktop/251198.jpg","https://www.smythstoys.com/de/de-de/baby/kindersitze-und-basisstationen/kindersitze-40-105-cm/osann-one360-sl-mini-mitwachsender-reboarder-schwarz/p/251198","Der Osann One360 Kindersitz mini Black bietet dir und deinem Kind höchste Flexibilität und Sicherheit von Geburt an bis zu einer Körpergröße von 105 cm (max. 18 kg, ca. 4 Jahre). Dank seiner 360°-Drehfunktion kannst du dein Kind bequem von beiden Seiten ein- und aussteigen lassen, was den Alltag deutlich erleichtert. Der Kindersitz ist als Reboarder konzipiert und lässt sich in zwei Liegepositionen verstellen ideal für verschiedene Altersstufen und Komfortansprüche. Ab einer Größe von 76 cm kannst du den Sitz auch in Fahrtrichtung verwenden, wobei er vier Sitz- und Ruhepositionen bietet, um deinem Kind maximale Bequemlichkeit zu garantieren. Die sichere und einfache Installation erfolgt über Isofix und einen stabilen Standfuß, sodass der Sitz fest und zuverlässig im Fahrzeug sitzt. Das EasyAdjustSystem (EAS) ermöglicht dir mit nur einer Hand die Drehung und den Positionswechsel des Sitzes. Zudem erleichtern Magnethalterungen für die Schultergurte das Handling erheblich. Für zusätzlichen Komfort und Sicherheit sorgt die 8-fach höhenverstellbare Kopfstütze, die mit deinem Kind mitwächst. Mit dem One360 Kindersitz mini Black bist du bestens gerüstet für sichere, flexible und komfortable Fahrten mit deinem Kind."
"252718","Hauck Sleep Reisebett N Play Go Plus Animals oliv","Hauck","39.99","EUR","OutOfStock","NewCondition","Baby > Babymöbel & Co. > Kinderreisebetten & Babyreisebetten","https://image.smythstoys.com/original/800/desktop/252718.jpg","https://www.smythstoys.com/de/de-de/baby/babymoebel-und-co/kinderreisebetten-und-babyreisebetten/hauck-sleep-reisebett-n-play-go-plus-animals-oliv/p/252718","Geborgenheit für Tag und Nacht Auf Reisen ist alles ungewohnt. Das Reisebett Sleep N Play Go Plus bietet Geborgenheit in zeitlosem Design für deinen Liebling (bis 15 kg) und ist unterwegs als Laufstall der perfekte Ort zum Spielen. Einfach und schnell auf- und abgebaut Du willst ein Reisebett, das schnell aufzubauen ist? Der spezielle Mechanismus des Sleep N Play Go Plus macht es dir einfach. Du kannst es kinderleicht aufbauen und wieder zusammenfalten. Auf Rollen: Das Sleep N Play Go Plus kannst du von einem Raum zum anderen schieben oder zusammengeklappt hinter dir herziehen. In der dazugehörigen Transporttasche kannst du es platzsparend aufbewahren. Lässt die Luft durch - und dein Kind Die beiden großen Netzeinsätze lassen die Luft gut zirkulieren. Das macht das Schlafklima für dein Kind angenehm. Und du hast dein Kind jederzeit im Blick. Kinder wollen alles genau erkunden. Das Sleep N Play Go Plus hat dafür einen großen Durchschlupf, den du von außen öffnen kannst. So kann dein Kind selbstständig aus dem Bett krabbeln. Und zurück."
"234372","Littlest Pet Shop Haustierüberraschung mit Tier-Figur sortiert","Littlest Pet Shop","3.0","EUR","OutOfStock","NewCondition","Spielzeug > Taschengeld-Artikel","https://image.smythstoys.com/original/800/desktop/234372.jpg","https://www.smythstoys.com/de/de-de/spielzeug/taschengeld-artikel/littlest-pet-shop-haustierueberraschung-mit-tier-figur-sortiert/p/234372","In dieser Überraschungspackung verbirgt sich 1 von 18 Haustieren aus der 7. Generation von Littlest Pet Shop. Jede Figur entzückt mit ihren großen glänzenden Knopfaugen und dem putzigen Wackelkopf. Zusätzlich findest du pro Blindbag ein passendes Zubehörteil zum jeweiligen Littlest Pet Shop Haustier sowie einen Code für ein digitales Item. Diesen Artikel gibt es in verschiedenen Varianten aus dem Blindpack. Die Vorauswahl ist darum nicht möglich. Du erhältst einen Überraschungsartikel aus diesem Littlest Pet Shop Sortiment. Welches Wackelkopf-Haustier wirst du auspacken?"
"157433073","Disney Pixar Cars 3 Die-Cast Fahrzeug Bernoulli 1:55","Disney Cars","8.99","EUR","OutOfStock","NewCondition","Spielzeug > Action Spielzeug > Spielzeugautos & Spielsets > Disney Pixar Cars Autos & Rennbahnen","https://image.smythstoys.com/original/800/desktop/157433073.jpg","https://www.smythstoys.com/de/de-de/spielzeug/action-spielzeug/spielzeugautos-und-spielsets/disney-pixar-cars-autos-und-rennbahnen/disney-pixar-cars-3-die-cast-fahrzeug-bernoulli-1-55/p/157433073","Die Disney Pixar Cars 3 Die-Cast Charakter Fahrzeuge werden dich davon überzeugen, was sie alles drauf haben. Der liebgewonnene Charakter freut sich schon darauf, bei dir Zuhause an den Start zu gehen. Das Fahrzeug gleicht seinem großen Vorbild bis ins kleinste Detail, sodass es genauso aussieht, wie du es in den Filmen kennen gelernt hast. Hol dir auch weitere Charakter Fahrzeuge von Disney Pixar Cars (separat erhältlich), um deine Sammlung zu vervollständigen und dir viele Abenteuer mit ihnen auszudenken."
"257087","Magic The Gathering Karten Teenage Mutant Ninja Turtles Commander-Deck","Magic The Gathering","59.9","EUR","OutOfStock","NewCondition","Spielzeug > Action Spielzeug > Magic: The Gathering","https://image.smythstoys.com/original/800/desktop/257087.jpg","https://www.smythstoys.com/de/de-de/spielzeug/action-spielzeug/magic-the-gathering/magic-the-gathering-karten-teenage-mutant-ninja-turtles-commander-deck/p/257087","Entfessle mutagenes Chaos und kämpfe gegen deine Freund*innen in Commander, dem beliebtesten Multiplayer-Format von Magic! Dieses spielfertige Teenage Mutant Ninja Turtles Commander-Deck mit 100 Karten führt 43 noch nie zuvor gesehene Karten in Magic: The Gathering ein. Im Set findest du eine passende Deckbox, 10 doppelseitige Spielsteinkarten, eine Strategiebeilage und eine Regelreferenzkarte."
"259813","Play Factory Sensorisches Trampolin","Play Factory","49.99","EUR","InStock","NewCondition","Spielzeug > Vorschule > Play Factory","https://image.smythstoys.com/original/800/desktop/259813.jpg","https://www.smythstoys.com/de/de-de/baby/baby-aktion/play-factory-sensorisches-trampolin/p/259813","Aktives Spiel ist wichtig für die Entwicklung von Kindern. Mit dem sensorischen Trampolin von Play Factory kommt der Hüpfspaß ins Haus. Beim Springen und Spielen werden der Gleichgewichtssinn und körperliche Gewandtheit gefördert. Das Trampolin steht auf vier rutschfesten, breiten Füßen aus EVA, die den Schwung von oben optimal abfedern. Abgerundete Kanten und das weiche Material sorgen für zusätzliche Sicherheit bei dem Indoor-Trampolin."
"231342","Verve Ballpumpe","Verve","4.99","EUR","InStock","NewCondition","Outdoor > Sportbedarf > Weitere Sportarten","https://image.smythstoys.com/original/800/desktop/231342.jpg","https://www.smythstoys.com/de/de-de/outdoor/sportbedarf/weitere-sportarten/verve-ballpumpe/p/231342","Diese Pumpe ist speziell für das Aufpumpen von verschiedenen Arten von Bällen (Fußbälle, Basketbälle, Volleybälle, etc.) konzipiert. Die Nadel kann sicher im Griff verstaut werden, so dass sie nicht verloren geht. Zum Aufpumpen kann sie dann mittels Drehgewinde ganz einfach an der Pumpe angebracht werden."
"255636","TOPModel Radierer-Set Mini Schulbücher und Stifte","TOPModel","2.95","EUR","OutOfStock","NewCondition","Spielzeug > Kreativität, Musik und Party > Basteln, Malen & Schreiben","https://image.smythstoys.com/original/800/desktop/255636.jpg","https://www.smythstoys.com/at/de-at/spielzeug/kreativitaet-musik-und-party/basteln-malen-und-schreiben/topmodel-radierer-set-mini-schulbuecher-und-stifte/p/255636","Schulbücher und Stifte im Mini-Format: Das niedliche Radierer-Set von TOPModel in fröhlichen Farben und mit niedlichen Hunde-Motiven kommt in einem kleinen Papp-Display, in dem die 7 Radierer perfekt aufgehoben sind."
"235877","Arena Sports Gametime Basketball Gr. 7 orange","Basketballs","12.99","EUR","OutOfStock","NewCondition","Outdoor > Basketball & Basketballkörbe","https://image.smythstoys.com/original/800/desktop/235877.jpg","https://www.smythstoys.com/at/de-at/outdoor/basketball-und-basketballkoerbe/arena-sports-gametime-basketball-gr-7-orange/p/235877","Dieser tolle Arena Sports Basketball in der Größe 7 ist genau das richtige für kleine und große Basketballfans. Der Ball bietet dir beste Bedingungen, um deine Basketball-Fertigkeiten zu trainieren und in erster Linie natürlich, um alleine oder mit Freunden ganz viel Spaß zu haben."
"248792","Sonic the Hedgehog Set Mega Roboter Mecha Giant Sonic gegen Sonic","Sonic the Hedgehog","19.99","EUR","InStock","NewCondition","Spielzeug > Action Spielzeug > Sonic the Hedgehog","https://image.smythstoys.com/original/800/desktop/248792.jpg","https://www.smythstoys.com/at/de-at/spielzeug/action-spielzeug/sonic-the-hedgehog/sonic-the-hedgehog-set-mega-roboter-mecha-giant-sonic-gegen-sonic/p/248792","Mach dich bereit für ein episches mechanisches Duell und bring deine Sammlung auf das nächste Level mit dem Sonic vs. Mecha Giant Set. Dieses detailreiche Set enthält eine ca. 6 cm große Sonic-Figur und seinen furchterregenden Gegner Mecha Giant, der mit einer imposanten Höhe von 20 cm jede Szene dominiert. Der Mecha Giant beeindruckt mit 16 beweglichen Gelenkpunkten, leuchtenden Augen, einem coolen Jetpack und Rädern unter den Füßen für flüssige Bewegungen. So kannst du actionreiche Konfrontationen und spannende Szenen nachstellen direkt inspiriert von den Abenteuern des legendären blauen Igels. Egal, ob du ein leidenschaftlicher Sonic-Fan oder ein Sammler von Actionfiguren mit hoher Beweglichkeit bist: Dieses Set bietet dir Spielspaß, Qualität und jede Menge Möglichkeiten, deiner Fantasie freien Lauf zu lassen. Erlebe die Welt von Sonic auf ganz neue Weise und erweitere deine Sammlung um ein echtes Highlight."
"259457","PowerA Nintendo Switch 2 Tasche Protection Case Mario und Yoshi","Nintendo","19.99","EUR","InStock","NewCondition","Gaming > Nintendo Switch > Nintendo Switch Zubehör","https://image.smythstoys.com/original/800/desktop/259457.jpg","https://www.smythstoys.com/at/de-at/gaming/nintendo-switch/nintendo-switch-zubehoer/powera-nintendo-switch-2-tasche-protection-case-mario-und-yoshi/p/259457","Mit der PowerA Schutzhülle im coolen Mario und Yoshi Design ist deine Nintendo Switch bestens geschützt und jederzeit bereit für das nächste Abenteuer. Die offiziell lizenzierte Hülle wurde speziell entwickelt, um deine Konsole sicher aufzubewahren und gleichzeitig praktischen Stauraum für Spiele und Zubehör zu bieten. Die robuste Außenhülle mit Reißverschluss schützt dein System zuverlässig unterwegs, während die geformte Innenausstattung mit weichem Plüschfutter perfekt an die Konsole angepasst ist. So bleibt dein Gerät auch beim Transport optimal geschützt. Im Inneren kannst du bis zu neun Spielkarten sowie zwei microSD Express Karten sicher verstauen, sodass deine Lieblingsspiele immer griffbereit sind. Ein integrierter Standfuß ermöglicht dir den komfortablen Tischmodus, egal ob zu Hause oder unterwegs. Gleichzeitig dient dieser als gepolsterter Displayschutz, wenn sich die Konsole im Etui befindet. In der praktischen Netztasche finden außerdem kleine Zubehörteile wie Joy Con Handgelenkbänder, Ohrhörer oder ein Ladekabel Platz. Die Schutzhülle ist kompatibel mit Nintendo Switch 2, Nintendo Switch, Nintendo Switch OLED Modell und Nintendo Switch Lite. Ein gummierter Tragegriff sorgt dafür, dass du deine Konsole bequem und sicher transportieren kannst."
"233307","Bright Starts Geschenkset mit 5 Teilen","Bright Starts","14.99","EUR","InStock","NewCondition","Baby > Schnuller & Beißringe","https://image.smythstoys.com/original/800/desktop/233307.jpg","https://www.smythstoys.com/at/de-at/baby/schnuller-und-beissringe/bright-starts-geschenkset-mit-5-teilen/p/233307","Mit dem 5-teiligen Geschenkset von Bright Starts erhältst du ein ganzes Bündel an Spielereien, die dein Kind beruhigen und unterhalten werden, wohin auch immer du gehen magst. Dieses Babyspielzeugset enthält mehrere Rasseln, Beißringe und Kinderwagen-Spielzeuge, die Babies und Kleinkinder begeistern werden."
"240579","WWE Main Event Wrestling Figur CM Punk","WWE","3.0","EUR","OutOfStock","NewCondition","Spielzeug > Action Spielzeug > WWE Figuren & Sets","https://image.smythstoys.com/original/800/desktop/240579.jpg","https://www.smythstoys.com/at/de-at/spielzeug/action-spielzeug/wwe-figuren-und-sets/wwe-main-event-wrestling-figur-cm-punk/p/240579","Die WWE-Actionfiguren bringen die Action im Ring nach Hause. Mit jedem maßstabsgetreuen, ca. 15 cm großen Superstar können Kinder und Sammler die Matches von Raw, Smackdown, NXT und WWE Premium Live-Veranstaltungen nachspielen. Dank mehrerer Gelenke, authentischem Wrestling-Look und detailgetreuer TrueFX-Technologie ist diese Figur bereit für ihren großen Auftritt im WWE-Universum!"
"235361","Boxreflex-Trainingsball","BOXING","4.99","EUR","InStock","NewCondition","Outdoor > Sportbedarf > Boxen","https://image.smythstoys.com/original/800/desktop/235361.jpg","https://www.smythstoys.com/at/de-at/outdoor/sportbedarf/boxen/boxreflex-trainingsball/p/235361","Trainiere und verbessere deine Box-Skills mit diesem Boxreflex-Trainingsball. Ein einfaches Trainingsgerät, mit dem du deine Schnelligkeit und Reaktionszeit trainieren und perfektionieren kannst. Befestige einfach das Stirnband, wirf den Ball und beginn zu schwingen. Halte den Ball mit deinen schnellsten Schlägen aufrecht und lasse ihn fliegen, damit du an deinem Schlag-Timing arbeiten kannst. Mit diesem Reflextrainer wird beim Drehen, Ausweichen und Schwingen dein gesamter Körper trainiert. Das perfekte Boxtraining für zu Hause und unterwegs."
"249542","schleich ELDRADOR CREATURES 70836 Eisbiber","schleich","5.9","CHF","OutOfStock","NewCondition","Spielzeug > Bauen & Spielsets > schleich > schleich ELDRADOR CREATURES","https://image.smythstoys.com/original/800/desktop/249542.jpg","https://www.smythstoys.com/ch/de-ch/spielzeug/bauen-und-spielsets/schleich/schleich-eldrador-creatures/schleich-eldrador-creatures-70836-eisbiber/p/249542","Triff den Eisbiber - einen echten Schrecken aus der Welt von ELDRADOR! Mit seinem narbenübersäten Gesicht, den eisigen Augen und den furchteinflößenden Zähnen ist er nicht nur ständig schlecht gelaunt, sondern auch jederzeit bereit für den nächsten Streit. Sein massiver Eispanzer schützt ihn dabei zuverlässig, während sein bizarrer Biberschwanz aus Eisschollen jedem Gegner zeigt, dass mit ihm nicht zu spaßen ist. Wenn du mutig genug bist, diesen frostigen Gesellen in deine Sammlung aufzunehmen, sei gewarnt: Der Eisbiber macht keine Gefangenen!"
"259058","LEGO City 60496 Pizza-Liefererlebnis mit Fahrzeugen","LEGO","34.95","CHF","InStock","NewCondition","Spielzeug > LEGO > LEGO City","https://image.smythstoys.com/original/800/desktop/259058.jpg","https://www.smythstoys.com/ch/de-ch/spielzeug/lego/lego-city/lego-city-60496-pizza-liefererlebnis-mit-fahrzeugen/p/259058","LEGO City Pizza-Liefererlebnis mit Fahrzeugen (60496) ist ein tolles Geschenk für Kinder ab 6 Jahren. Das Pizzeria-Spielset bietet viele Stunden Spielspaß. In der Spielzeugpizzeria gibt es eine Zubereitungstheke und einen Essbereich. Jede Menge Funktionen laden Kinder zum Spielen im Restaurant oder mit den Fahrzeugen ein. Dreh das Rad, um die Flammen lodern zu lassen, wenn du die Pizzen in den Holzofen schiebst. Drück einen Hebel, um den mit Flammen verzierten Sportwagen losrasen zu lassen, der aus seiner Motorhaube Pizzen herauskatapultiert. Auch mit dem grünen Motorroller und einer Drohne mit eigenem Landeplatz können Kinder Pizzen ausliefern. Jede Menge Zubehör lässt Kinder fantasievoll spielen. Hierzu zählen auch ein Retro-Spielautomat, Pizzen, Lieferboxen und eine Kasse. 5 Minifiguren, darunter auch ein Kind mit Cochlea-Implantat, laden zu unzähligen Rollenspielen und Geschichten ein. Die LEGO Builder App lässt Kinder selbstbewusst bauen. In der App können Baufans 3D-Modelle vergrößern und drehen und beim Bauen verfolgen, wie weit sie schon sind. Das Set besteht aus 494 Teilen."
"255352","WWE Elite Collection Serie 125 Wrestling Figur The Rock Final Boss (Collector's Edition) 15 cm","WWE","24.95","CHF","InStock","NewCondition","Spielzeug > Action Spielzeug > WWE Figuren & Sets","https://image.smythstoys.com/original/800/desktop/255352.jpg","https://www.smythstoys.com/ch/de-ch/spielzeug/action-spielzeug/wwe-figuren-und-sets/wwe-elite-collection-serie-125-wrestling-figur-the-rock-final-boss-collectors-edition-15-cm/p/255352","Präsentiere Signature Moves und Ring-Eintritte mit der WWE Elite Collection Serie 125 The Rock Final Boss (Collector's Edition) Figur. Jede ca. 15 cm große Figur (separat erhältlich) hat 25 bewegliche Punkte, TrueFX Details und austauschbare Hände. Stell die Figur in eine bedrohliche Haltung oder lass sie mit einer anderen Figur Kämpfen. Ideal für Sammler zum Ausstellen oder Kinder zum Spielen!"
"127850","Daewoo Alkaline Batterien AAA LR03 1,5 V 10 Stück","Daewoo","2.0","CHF","OutOfStock","NewCondition","Gaming > Batterien","https://image.smythstoys.com/original/800/desktop/127850.jpg","https://www.smythstoys.com/ch/de-ch/gaming/batterien/daewoo-alkaline-batterien-aaa-lr03-1-5-v-10-stueck/p/127850","Wird dein Spielzeug kraftlos? Gar kein Problem, mit den langlebigen AAA Alkaline Batterien von DEAWOO im 10er Pack schenkst du ihm frische Power. Nutze diese Energiequelle für z.B. Spieluhren, Taschenlampen, Wanduhren und überall dort, wo diese Powerbatterien benötigt werden. Die AAA Alkaline Batterien sind besonders leistungsstark und besitzen eine 5 bis 10 mal längere Lebensdauer als herkömmliche Zink-Kohle Batterien."
"189072046","Disney Pixar Cars Color Changers Auto Sally mit Farbwechsel","Disney Cars","12.95","CHF","OutOfStock","NewCondition","Spielzeug > Action Spielzeug > Spielzeugautos & Spielsets > Disney Pixar Cars Autos & Rennbahnen","https://image.smythstoys.com/original/800/desktop/189072046.jpg","https://www.smythstoys.com/ch/de-ch/spielzeug/action-spielzeug/spielzeugautos-und-spielsets/disney-pixar-cars-autos-und-rennbahnen/disney-pixar-cars-color-changers-auto-sally-mit-farbwechsel/p/189072046","Sally, der charmante Porsche aus Radiator Springs, ist zurück und das mit einer aufregenden Farbwechsel-Funktion! In der Color Changers Version begeistert sie mit einer hitzeempfindlichen Lackierung, die beim Kontakt mit warmem Wasser ihre Farbe ändert. Kaltes Wasser bringt den ursprünglichen Look im Handumdrehen zurück perfekt für kreative Spielideen und stilvolle Verwandlungen. Das detailgetreue Modell im Maßstab 1:55 liegt angenehm in kleinen Händen und lässt sich mühelos mit anderen Cars-Charakteren kombinieren. Ob spannende Rennen, fantasievolle Geschichten oder nachgespielte Filmszenen mit Sallys wechselndem Look wird jedes Abenteuer noch abwechslungsreicher. Ein echtes Highlight für kleine Cars-Fans und Sammler!"
"250685022","Hot Wheels Premium Formel 1 2026 Auto BWT Alpine F1 Team Pierre Gasly","Mattel","9.95","CHF","InStock","NewCondition","Spielzeug > Action Spielzeug > Spielzeugautos & Spielsets > Hot Wheels","https://image.smythstoys.com/original/800/desktop/250685022.jpg","https://www.smythstoys.com/ch/de-ch/spielzeug/action-spielzeug/spielzeugautos-und-spielsets/hot-wheels/hot-wheels-premium-formel-1-2026-auto-bwt-alpine-f1-team-pierre-gasly/p/250685022","Hol dir mit diesem Hot Wheels Premium 2025 Formel 1 Modellfahrzeug im Maßstab 1:64 echtes Rennfeeling nach Hause. Das detailverliebte Modell sieht genauso aus wie der Rennwagen aus dem BWT Alpine Formel 1 Team von Pierre Gasly. Mit Real Riders Reifen und einer Karosserie aus Metall bietet das Hot Wheels Auto dir hochwertige Verarbeitung und Sammlerwert in einem. Ob du leidenschaftlicher Motorsportfan bist oder einfach ein Faible für außergewöhnliche Fahrzeuge hast - dieses Modell vereint Geschwindigkeit und Stil in perfekter Form. Ideal zum Ausstellen in deiner Sammlung oder für rasante Rennen voller Action."
"254408","LEGO Botanicals 11502 Sonnenblumen","LEGO","44.95","CHF","InStock","NewCondition","Spielzeug > LEGO > LEGO Botanicals","https://image.smythstoys.com/original/800/desktop/254408.jpg","https://www.smythstoys.com/ch/de-ch/spielzeug/lego/lego-botanicals/lego-botanicals-11502-sonnenblumen/p/254408","Dieses LEGO Botanicals Set ist deine Abkürzung zu einem wunderschönen Strauß Sonnenblumen, ganz ohne Gartenarbeit. Aus sechs Sonnenblumen in unterschiedlichen Stadien entsteht kein uniformer Strauß, sondern lebendig aussehende Blumendeko. Blütenblätter und Stängel lassen sich ausrichten, drehen und anpassen. Du probierst herum, trittst einen Schritt zurück und veränderst noch einmal etwas. Eine Knospe, halb geöffnete Blüten, zwei große Sonnenblumen, dazu Eukalyptus freuen sich auf dich. Wer mag, kombiniert die Sonnenblumen später mit anderen LEGO Botanicals Sets und lässt den Strauß individuell wachsen. Mit 686 Teilen sind die LEGO Blumen eine ausgewogene Aufgabe, ob alleine oder zu zweit. Es eignet sich zur Entspannung und für ruhige Abende, an denen man am Ende etwas Positives vor sich stehen hat. Die Anleitung ist auch in der LEGO Builder App in 3D verfügbar und begleitet den Aufbau übersichtlich."
"242891","Cloud B - Veilleuse Tortue Aqua Rechargeable","[object Object]","59.99","EUR","InStock","NewCondition","Bébé > Puériculture et Nuit > Mobiles et Veilleuses","https://image.smythstoys.com/original/800/desktop/242891.jpg","https://www.smythstoys.com/fr/fr-fr/bebe/puericulture-et-nuit/mobiles-et-veilleuses/cloud-b-veilleuse-tortue-aqua-rechargeable/p/242891","Jolie tortue musicale fabriquée en fibres 100 % recyclées, issues de bouteilles en plastique qui diffuse une douce lumière et projette sur le plafond de la chambre les vagues de l'océan en mouvement grâce à un mécanisme unique et breveté. La veilleuse Tranquil Turtle- Aqua (Rechargeable) apaise bébé dès sa naissance et rassure les enfants qui ont peur du noir. Douce peluche la journée, elle se transforme en veilleuse la nuit venue. Son effet de lumière sous-marine est magique, grâce aux projections de vagues en mouvements. Ses mélodies et ses bruits apaiseront bébé pour un sommeil relaxant. Un dispositif intelligent Cry Sensor, avec sensibilité ajustable, s'active automatiquement dès les premiers pleurs de bébé. Vous pourrez également régler la luminosité des projections pour créer différents environnements. Le minuteur de 23 minutes garantit une obscurité et un silence complets pendant le sommeil profond de l'enfant. La batterie se recharge à l'aide d'un câble USB-C. Bon pour l'environnement Tranquil Turtle - Aqua (Rechargeable) a reçu la certification GRS et est présentée dans un packaging FSC ce qui contribue à la conservation de la biodiversité. C'est une peluche écoresponsable et respectueuse de l'environnement, pour le plus grand bonheur des petits et des grands !"
"9043432","Tonies - Figurine Tonie Disney Le Roi Lion","Tonies","14.99","EUR","InStock","NewCondition","Jouets > Jouets Préscolaires > Conteuses > Tonies & Toniebox","https://image.smythstoys.com/original/800/desktop/9043432.jpg","https://www.smythstoys.com/fr/fr-fr/jouets/jouets-prescolaires/conteuses/tonies-et-toniebox/tonies-figurine-tonie-disney-le-roi-lion/p/9043432","Voici l'histoire d'un lionceau appelé Simba. Injustement accusé par son oncle Scar d'avoir provoqué la mort de son père, le Roi Mufasa, Simba s'enfuit loin du Rocher des Lions pour aller vivre dans la jungle. C'est là qu'il fait la connaissance de Timon et Pumbaa. Avec l'aide de ses nouveaux amis, Simba retourne au royaume pour affronter Scar et reprendre sa place dans le cercle de la vie. Retrouvez les chansons emblématiques du dessin animé tout au long de l'histoire : - L'histoire de la vie - Je voudrais déjà être roi - Hakuna Matata - L'amour brille sous les étoiles"
"251350","Jungle Speed Donkey Kong","Asmodee","18.99","EUR","InStock","NewCondition","Jouets > Jeux de société et Puzzles > Jeux de société > Jeux de société classiques","https://image.smythstoys.com/original/800/desktop/251350.jpg","https://www.smythstoys.com/fr/fr-fr/jouets/jeux-de-societe-et-puzzles/jeux-de-societe/jeux-de-societe-classiques/jungle-speed-donkey-kong/p/251350","Retrouvez tous les éléments clés des jeux vidéos de Nintendo, et de son personnage fétiche Donkey Kong dans ce Jungle Speed ! Règles du jeu Chaque joueur retourne, à son tour, une carte de son paquet. Si deux cartes identiques se retrouvent ainsi visibles, jetez-vous le premier sur la banane ou ramassez une petite banane et mettez-la dans le tonneau. Mais attention ! Il y a des pièges et les illustrations de certaines cartes sont trompeuses. Ouvrez l'oeil pour ne pas vous faire piéger et pour ne pas récupérer un max de cartes !"
"254985","La Pat'Patrouille - Search and Rescue Véhicule et Figurine Zuma","La Pat'Patrouille","14.99","EUR","InStock","NewCondition","Jouets > Jouets Préscolaires > Jouets La Pat'Patrouille","https://image.smythstoys.com/original/800/desktop/254985.jpg","https://www.smythstoys.com/fr/fr-fr/jouets/jouets-prescolaires/jouets-la-patpatrouille/la-patpatrouille-search-and-rescue-vehicule-et-figurine-zuma/p/254985","Plongez dans l'univers palpitant de la Pat'Patrouille avec le set Search and Rescue : l'aéroglisseur de sauvetage de Zuma ! Ce coffret plein d'action comprend un bateau et 2 figurines, dont Zuma dans son uniforme, prêt à intervenir. Les enfants peuvent installer Zuma et Chickaletta dans le véhicule aquatique, puis le tirer en arrière et le propulser vers l'avant pour des missions palpitantes. Avec son style Pat'Patrouille authentique, ce jouet ressemble trait pour trait aux véhicules de la série et inspirera les enfants à vivre leurs propres aventures."
"255472","TOPModel - Livre d'Autocollants Animaux Mignons","TOPModel","7.95","EUR","OutOfStock","NewCondition","Jouets > Activités artistiques et musicales > Dessin, Coloriage & Peinture > Cahiers d'activités","https://image.smythstoys.com/original/800/desktop/255472.jpg","https://www.smythstoys.com/fr/fr-fr/jouets/activites-artistiques-et-musicales/dessin-coloriage-et-peinture/cahiers-dactivites/topmodel-livre-dautocollants-animaux-mignons/p/255472","Trop mignon ! Ce livre d'autocollants TOPModel propose 24 pages d'adorables petits animaux illustrés (chiens, chats, lapins, souris, etc.) à décorer avec de nombreux autocollants inclus. La reliure spirale est pratique pour tourner les pages facilement."
"247768","Playmobil - 71952 Calendrier de l'Avent Pâtisserie de Noël","Playmobil","19.99","EUR","OutOfStock","NewCondition","Jouets > Voitures et jeux de construction > Playmobil > Playmobil Autres licences","https://image.smythstoys.com/original/800/desktop/247768.jpg","https://www.smythstoys.com/fr/fr-fr/jouets/voitures-et-jeux-de-construction/playmobil/playmobil-autres-licences/playmobil-71952-calendrier-de-lavent-patisserie-de-noel/p/247768","Noël approche et une divine odeur de pâtisserie flotte dans l'air sortant de la petite salle du café ! Célébrez Noël avec Playmobil ! Bienvenue au Rider Café de Noël d'Ellie, où la magie des fêtes rencontre le charme de la campagne ! Les enfants peuvent vous aider à préparer de délicieuses gourmandises à l'aide de l'emporte-pièce en forme de cheval, parfait pour partager un moment de cuisine convivial à la maison. Le four s'ouvre pour « cuire » des biscuits ou du pain d'épices, à servir dans une ambiance festive. Décorez le café, soulevez la vitrine et garnissez le comptoir selon vos envies. Avec de nombreux accessoires pour des histoires enchantées Avec des animaux à soigner, des accessoires de saison et une atmosphère chaleureuse, ce coffret Playmobil détaillé promet des heures d'histoires magiques. Un incontournable pour toutes vos aventures imaginaires de fin d'année !"
"159483","Bruder - Schäffer 2630 Chargeur Compact","Bruder","14.99","EUR","OutOfStock","NewCondition","Jouets > Voitures et jeux de construction > Jouet Bruder","https://image.smythstoys.com/original/800/desktop/159483.jpg","https://www.smythstoys.com/fr/fr-fr/jouets/voitures-et-jeux-de-construction/jouet-bruder/bruder-sch%c3%a4ffer-2630-chargeur-compact/p/159483","Le chargeur compact Schäffer 2630 de Bruder est un véhicule agricole miniature pensé pour les enfants. Cette reproduction réaliste à l'échelle 1/16 intègre de nombreuses fonctions mécaniques fidèles au modèle réel : bras articulé avec godet mobile, direction fonctionnelle et pneus souples pour une manipulation facile sur tous types de surfaces. Résistant, maniable et précis, ce modèle de la marque Bruder est un excellent support de jeu pour les enfants curieux du monde agricole."
"192522","16 Inch Fiets Chipmunk Lollipop Kinderfiets met zijwieltjes paars","[object Object]","119.99","EUR","InStock","NewCondition","Buiten > Fietsen > 16 inch Fietsen (5-6 jaar)","https://image.smythstoys.com/original/800/desktop/192522.jpg","https://www.smythstoys.com/nl/nl-nl/buiten/fietsen/16-inch-fietsen-5-6-jaar/16-inch-fiets-chipmunk-lollipop-kinderfiets-met-zijwieltjes-paars/p/192522","De Chipmunk Lollipop kinderfiets met 16 inch-banden is ideaal voor jonge beginners tussen de vijf en zes jaar. Voor de eerste ritjes heeft hij afneembare zijwieltjes, terwijl het stalen frame het op- en afstappen vergemakkelijkt dankzij de vorm. De kettingkast beschermt kleding en de fietsmand vooraan is even praktisch als schattig. Het ontwerp in lichtpaars met witte en turquoise accenten is stijlvol meisjesachtig."
"248302","Kitchen Corner Houten Pizzaoven met Accessoires","Kitchen Corner","24.99","EUR","InStock","NewCondition","Speelgoed > Houten speelgoed > Houten Keukens","https://image.smythstoys.com/original/800/desktop/248302.jpg","https://www.smythstoys.com/nl/nl-nl/speelgoed/houten-speelgoed/houten-keukens/kitchen-corner-houten-pizzaoven-met-accessoires/p/248302","Met deze pizzaoven-speelset van hout kunnen kleine chefs interactief kokkerellen. De set bevat 21 accessoires waarmee je je eigen speelgoedpizza's kunt vormgeven en beleggen. Als je klaar bent, stop je je creaties in de oven. Deze is van een draaiknop voorzien om een realistische bakervaring te simuleren. Deze kleurrijke speelset bevordert spelenderwijs de motorische vaardigheden, prikkelt de fantasie en laat kleintjes al op een vroege leeftijd kookplezier beleven."
"254078","Dinosaur World T-Rex Dinosaurus Transportwagen met Licht en Geluid","[object Object]","19.99","EUR","InStock","NewCondition","Speelgoed > Actiespeelgoed > Dinosaurussen","https://image.smythstoys.com/original/800/desktop/254078.jpg","https://www.smythstoys.com/nl/nl-nl/speelgoed/actiespeelgoed/dinosaurussen/dinosaur-world-t-rex-dinosaurus-transportwagen-met-licht-en-geluid/p/254078","Zet de T-Rex op transport en beleef de wildste avonturen! Deze transportwagen heeft lichten en maakt geluid. Je kunt de dino rondrijden en hem vervolgens vrijlaten. Wat er dan gebeurt? Dat bepaalt jouw fantasie!"
"244138","Trampoline Verankeringskit met Riemen","[object Object]","12.99","EUR","InStock","NewCondition","Buiten > Trampolines & Toebehoren > Trampoline Accessoires","https://image.smythstoys.com/original/800/desktop/244138.jpg","https://www.smythstoys.com/nl/nl-nl/buiten/trampolines-en-toebehoren/trampoline-accessoires/trampoline-verankeringskit-met-riemen/p/244138","Deze universele Trampoline Verankeringskit biedt extra veiligheid voor uw trampoline, ongeacht de grootte. De kit bevat 4 tie-down riemen en 4 stevige grondpennen om uw trampoline stabiel en veilig te houden, zelfs tijdens speelsessies of bij sterke wind. De weerbestendige, gegalvaniseerde stalen grondpennen verankeren de trampoline stevig in de grond, terwijl de riemen zich om het frame wikkelen voor een extra beveiligingslaag. Zorg ervoor dat uw trampoline beschermd is tegen omvallen of wegwaaien met deze duurzame verankeringskit."
"255660","TOPModel Magic Board.","TOPModel","14.95","EUR","InStock","NewCondition","Speelgoed > Creatief & Knutselen > Kleuren & Tekenen","https://image.smythstoys.com/original/800/desktop/255660.jpg","https://www.smythstoys.com/nl/nl-nl/speelgoed/creatief-en-knutselen/kleuren-en-tekenen/topmodel-magic-board/p/255660","Altijd opnieuw kunenn schilderen en schrijven: op het LCD-bord van TOPModel kan je je creativiteit de vrije loop laten. Als je tekent met de bijgevoegde pen, verschijnen de kleuren geel, oranje, groen en blauw op het display. Met knop om te wissen en schakelaar om te bewaren."
"258420","Pokémon Mega Evolution Perfect Order Kaarten Verzamelmap 9 Vakken","Pokémon","10.49","EUR","OutOfStock","NewCondition","Speelgoed > Actiespeelgoed > Pokémon > Pokémon Kaarten","https://image.smythstoys.com/original/800/desktop/258420.jpg","https://www.smythstoys.com/nl/nl-nl/speelgoed/actiespeelgoed/pokemon/pokemon-kaarten/pokemon-mega-evolution-perfect-order-kaarten-verzamelmap-9-vakken/p/258420","Deze Mega Evolution Perfect Order verzamelmap met negen insteekvakken is voorzien van een vrolijke cover met een afbeelding van Meowth. Op de achterkant zie je Mega Starmie in een dramatische aanvalsmodus. De verzamelmap biedt ruimte en bescherming voor 80 kaarten in standaardformaat plus 4 oversized kaarten. Mega Evolution Perfect Order 4-Pocket Portfolio voor de Pokémon Trading Card Game: 4-Pocket Portfolio's voor Pokémon zijn voorzien van een levendige full-art cover van Meowth en een achterkant van Mega Starmie. Elke portfolio bewaart en beschermt tot 40 standaard formaat kaarten bij enkelzijdig gebruik en 80 kaarten bij dubbelzijdig gebruik in archiefveilige pagina's. Er zijn ook pagina's in het midden van de portfolio om tot 4 oversized Pokémon-kaarten in te bewaren. Gemaakt in Californië, VS."
"250445","Winx Iconic Pop Stella 26 cm","[object Object]","7.99","EUR","InStock","NewCondition","Speelgoed > Poppen & Accessories > Poppen","https://image.smythstoys.com/original/800/desktop/250445.jpg","https://www.smythstoys.com/nl/nl-nl/speelgoed/poppen-en-accessories/poppen/winx-iconic-pop-stella-26-cm/p/250445","Als iconische pop van de Winx Club serie draagt Stella een oranje korte kilt met een geknoopt, bloot middenstuk in lichtgroen. Het zomerse outfit wordt afgemaakt door een paar oranje laarzen. Net als in de serie heeft de Stella-pop lichtblond haar. Haar armen en benen zijn beweegbaar, zodat je de pop in leuke poses kunt zetten tijdens het spelen. Speel met haar je favoriete momenten uit Winx Club na of bedenk je eigen verhalen uit de feeënwereld met haar."